datetime,open,high,low,close,volume
2024-05-13 21:15:00+00:00,1.07904,1.0791,1.07903,1.07906,125.0
2024-05-13 21:20:00+00:00,1.07906,1.07907,1.07898,1.07898,91.0
2024-05-13 21:25:00+00:00,1.07898,1.07911,1.07895,1.07902,137.0
2024-05-13 21:30:00+00:00,1.07902,1.07919,1.0789900000000001,1.07918,132.0
2024-05-13 21:35:00+00:00,1.07918,1.07935,1.07918,1.07935,106.0
2024-05-13 21:40:00+00:00,1.07935,1.07936,1.07923,1.07924,77.0
2024-05-13 21:45:00+00:00,1.07924,1.07924,1.0791,1.0791,71.0
2024-05-13 21:50:00+00:00,1.0791,1.07918,1.07898,1.07898,77.0
2024-05-13 21:55:00+00:00,1.07898,1.07902,1.07893,1.07898,120.0
2024-05-13 22:00:00+00:00,1.07897,1.079,1.07875,1.07877,131.0
2024-05-13 22:05:00+00:00,1.07877,1.07881,1.0787,1.07878,112.0
2024-05-13 22:10:00+00:00,1.07878,1.07879,1.07871,1.07874,85.0
2024-05-13 22:15:00+00:00,1.07874,1.07883,1.07872,1.0788,71.0
2024-05-13 22:20:00+00:00,1.0788,1.07881,1.07868,1.07869,73.0
2024-05-13 22:25:00+00:00,1.07869,1.07876,1.07869,1.07874,90.0
2024-05-13 22:30:00+00:00,1.07874,1.07878,1.07867,1.07878,78.0
2024-05-13 22:35:00+00:00,1.07878,1.07879,1.07873,1.07874,84.0
2024-05-13 22:40:00+00:00,1.07874,1.07882,1.0787,1.07873,84.0
2024-05-13 22:45:00+00:00,1.07873,1.07874,1.07867,1.0787,63.0
2024-05-13 22:50:00+00:00,1.0787,1.07876,1.07868,1.07874,55.0
2024-05-13 22:55:00+00:00,1.07874,1.07889,1.07873,1.07889,69.0
2024-05-13 23:00:00+00:00,1.07889,1.07891,1.07882,1.07885,74.0
2024-05-13 23:05:00+00:00,1.07885,1.07885,1.07883,1.07884,38.0
2024-05-13 23:10:00+00:00,1.07884,1.07888,1.07884,1.07888,17.0
2024-05-13 23:15:00+00:00,1.07888,1.07896,1.07887,1.07894,67.0
2024-05-13 23:20:00+00:00,1.07894,1.07897,1.07893,1.07894,29.0
2024-05-13 23:25:00+00:00,1.07894,1.07898,1.07892,1.07894,52.0
2024-05-13 23:30:00+00:00,1.07894,1.07895,1.07888,1.07894,52.0
2024-05-13 23:35:00+00:00,1.07894,1.07898,1.07893,1.07895,25.0
2024-05-13 23:40:00+00:00,1.07895,1.07897,1.07891,1.07894,39.0
2024-05-13 23:45:00+00:00,1.07894,1.07898,1.07886,1.07893,37.0
2024-05-13 23:50:00+00:00,1.07893,1.07898,1.07892,1.07897,16.0
2024-05-13 23:55:00+00:00,1.07897,1.0789900000000001,1.07896,1.07898,37.0
2024-05-14 00:00:00+00:00,1.07858,1.07864,1.07834,1.07864,6.0
2024-05-14 00:05:00+00:00,1.07864,1.07895,1.07864,1.07884,92.0
2024-05-14 00:10:00+00:00,1.07884,1.07885,1.07872,1.07883,51.0
2024-05-14 00:15:00+00:00,1.07883,1.07884,1.07864,1.07876,73.0
2024-05-14 00:20:00+00:00,1.07876,1.07877,1.07869,1.07876,13.0
2024-05-14 00:25:00+00:00,1.07872,1.07885,1.07872,1.07884,23.0
2024-05-14 00:30:00+00:00,1.07884,1.07891,1.07883,1.07885,41.0
2024-05-14 00:35:00+00:00,1.07885,1.07893,1.07884,1.0789,41.0
2024-05-14 00:40:00+00:00,1.0789,1.07897,1.07889,1.07892,52.0
2024-05-14 00:45:00+00:00,1.07892,1.079,1.07888,1.07893,40.0
2024-05-14 00:50:00+00:00,1.07893,1.07897,1.07891,1.07894,37.0
2024-05-14 00:55:00+00:00,1.07894,1.07897,1.07886,1.07894,34.0
2024-05-14 01:00:00+00:00,1.07894,1.07905,1.07886,1.0789900000000001,52.0
2024-05-14 01:05:00+00:00,1.0789900000000001,1.0789900000000001,1.07894,1.07895,12.0
2024-05-14 01:10:00+00:00,1.07895,1.07897,1.07891,1.07892,15.0
2024-05-14 01:15:00+00:00,1.07892,1.07895,1.07892,1.07893,13.0
2024-05-14 01:20:00+00:00,1.07893,1.07895,1.07887,1.07891,26.0
2024-05-14 01:25:00+00:00,1.07891,1.07897,1.07887,1.07897,32.0
2024-05-14 01:30:00+00:00,1.07897,1.079,1.07893,1.079,30.0
2024-05-14 01:35:00+00:00,1.079,1.07901,1.07897,1.079,24.0
2024-05-14 01:40:00+00:00,1.079,1.07901,1.07897,1.07898,41.0
2024-05-14 01:45:00+00:00,1.07898,1.079,1.07895,1.07895,24.0
2024-05-14 01:50:00+00:00,1.07896,1.07897,1.07895,1.07896,15.0
2024-05-14 01:55:00+00:00,1.07896,1.07898,1.07895,1.07898,23.0
2024-05-14 02:00:00+00:00,1.07898,1.07902,1.07896,1.079,38.0
2024-05-14 02:05:00+00:00,1.079,1.0790899999999999,1.07897,1.07897,35.0
2024-05-14 02:10:00+00:00,1.07898,1.07912,1.07898,1.0791,38.0
2024-05-14 02:15:00+00:00,1.0791,1.07922,1.0791,1.0792,31.0
2024-05-14 02:20:00+00:00,1.0792,1.07921,1.07916,1.0792,28.0
2024-05-14 02:25:00+00:00,1.0792,1.07927,1.07919,1.07926,42.0
2024-05-14 02:30:00+00:00,1.07926,1.07928,1.07917,1.07923,73.0
2024-05-14 02:35:00+00:00,1.07923,1.07923,1.0792,1.07921,31.0
2024-05-14 02:40:00+00:00,1.07921,1.07923,1.07919,1.07921,37.0
2024-05-14 02:45:00+00:00,1.07921,1.07934,1.07919,1.07933,66.0
2024-05-14 02:50:00+00:00,1.07933,1.07938,1.07927,1.07933,47.0
2024-05-14 02:55:00+00:00,1.07933,1.07933,1.0792,1.07921,45.0
2024-05-14 03:00:00+00:00,1.07921,1.07924,1.07896,1.079,143.0
2024-05-14 03:05:00+00:00,1.079,1.07904,1.07889,1.07895,101.0
2024-05-14 03:10:00+00:00,1.07895,1.07902,1.07885,1.079,97.0
2024-05-14 03:15:00+00:00,1.079,1.07903,1.07898,1.07898,40.0
2024-05-14 03:20:00+00:00,1.07898,1.07907,1.07885,1.07886,55.0
2024-05-14 03:25:00+00:00,1.07886,1.07888,1.07875,1.07875,86.0
2024-05-14 03:30:00+00:00,1.07875,1.07883,1.0787,1.07871,65.0
2024-05-14 03:35:00+00:00,1.07871,1.07875,1.07865,1.07868,41.0
2024-05-14 03:40:00+00:00,1.07868,1.07878,1.07853,1.07854,90.0
2024-05-14 03:45:00+00:00,1.07854,1.07878,1.07854,1.07871,88.0
2024-05-14 03:50:00+00:00,1.07871,1.07882,1.07868,1.07875,123.0
2024-05-14 03:55:00+00:00,1.07874,1.07885,1.0787,1.07877,91.0
2024-05-14 04:00:00+00:00,1.07877,1.07898,1.07876,1.07891,123.0
2024-05-14 04:05:00+00:00,1.07891,1.07892,1.07879,1.07887,97.0
2024-05-14 04:10:00+00:00,1.07887,1.07892,1.0788,1.07881,95.0
2024-05-14 04:15:00+00:00,1.07881,1.07882,1.07855,1.07861,121.0
2024-05-14 04:20:00+00:00,1.07861,1.07861,1.07853,1.07856,63.0
2024-05-14 04:25:00+00:00,1.07856,1.07862,1.07854,1.07854,87.0
2024-05-14 04:30:00+00:00,1.07854,1.0786,1.07847,1.07849,114.0
2024-05-14 04:35:00+00:00,1.07849,1.0786,1.07844,1.0784799999999999,111.0
2024-05-14 04:40:00+00:00,1.0784799999999999,1.07855,1.07844,1.07854,83.0
2024-05-14 04:45:00+00:00,1.07854,1.07871,1.07854,1.0787,100.0
2024-05-14 04:50:00+00:00,1.0787,1.0788,1.07869,1.07878,110.0
2024-05-14 04:55:00+00:00,1.07878,1.07887,1.07873,1.07874,114.0
2024-05-14 05:00:00+00:00,1.07874,1.07875,1.07858,1.07863,105.0
2024-05-14 05:05:00+00:00,1.07863,1.07863,1.0784799999999999,1.07852,101.0
2024-05-14 05:10:00+00:00,1.07852,1.07861,1.07852,1.07859,111.0
2024-05-14 05:15:00+00:00,1.07859,1.0786,1.0784799999999999,1.07855,45.0
2024-05-14 05:20:00+00:00,1.07855,1.0786,1.07855,1.0786,22.0
2024-05-14 05:25:00+00:00,1.0786,1.0786,1.07849,1.07852,51.0
2024-05-14 05:30:00+00:00,1.07852,1.07859,1.0784799999999999,1.07849,33.0
2024-05-14 05:35:00+00:00,1.07849,1.07855,1.07845,1.07851,82.0
2024-05-14 05:40:00+00:00,1.07851,1.07855,1.0784799999999999,1.07851,41.0
2024-05-14 05:45:00+00:00,1.07851,1.07861,1.0785,1.07852,74.0
2024-05-14 05:50:00+00:00,1.07852,1.07862,1.07849,1.07855,75.0
2024-05-14 05:55:00+00:00,1.07855,1.07872,1.07855,1.07867,112.0
2024-05-14 06:00:00+00:00,1.07867,1.07873,1.07854,1.07855,104.0
2024-05-14 06:05:00+00:00,1.07855,1.07866,1.07854,1.0786,72.0
2024-05-14 06:10:00+00:00,1.0786,1.07866,1.07858,1.07858,75.0
2024-05-14 06:15:00+00:00,1.07858,1.07868,1.07855,1.07861,93.0
2024-05-14 06:20:00+00:00,1.07861,1.07866,1.07855,1.07855,76.0
2024-05-14 06:25:00+00:00,1.07855,1.07871,1.07854,1.0787,61.0
2024-05-14 06:30:00+00:00,1.0787,1.0788,1.07869,1.07872,81.0
2024-05-14 06:35:00+00:00,1.07872,1.07881,1.07872,1.07879,74.0
2024-05-14 06:40:00+00:00,1.07879,1.07881,1.07869,1.07877,53.0
2024-05-14 06:45:00+00:00,1.07877,1.07877,1.07861,1.07862,42.0
2024-05-14 06:50:00+00:00,1.07862,1.07864,1.07858,1.07862,42.0
2024-05-14 06:55:00+00:00,1.07862,1.07879,1.07859,1.07877,56.0
2024-05-14 07:00:00+00:00,1.07877,1.07881,1.07875,1.07878,39.0
2024-05-14 07:05:00+00:00,1.07878,1.07881,1.07878,1.07878,25.0
2024-05-14 07:10:00+00:00,1.07878,1.07887,1.07878,1.07885,33.0
2024-05-14 07:15:00+00:00,1.07885,1.07889,1.07879,1.07879,39.0
2024-05-14 07:20:00+00:00,1.07879,1.0788,1.07874,1.07878,33.0
2024-05-14 07:25:00+00:00,1.07878,1.07878,1.07867,1.07876,53.0
2024-05-14 07:30:00+00:00,1.07876,1.07878,1.07869,1.0787,74.0
2024-05-14 07:35:00+00:00,1.0787,1.07874,1.07868,1.07872,58.0
2024-05-14 07:40:00+00:00,1.07872,1.07878,1.07864,1.07878,77.0
2024-05-14 07:45:00+00:00,1.07878,1.07879,1.07866,1.0787,64.0
2024-05-14 07:50:00+00:00,1.0787,1.0787,1.07859,1.07861,33.0
2024-05-14 07:55:00+00:00,1.07861,1.07862,1.07854,1.07854,43.0
2024-05-14 08:00:00+00:00,1.07854,1.07856,1.07847,1.07854,39.0
2024-05-14 08:05:00+00:00,1.07854,1.07856,1.07854,1.07855,30.0
2024-05-14 08:10:00+00:00,1.07855,1.07855,1.07846,1.07849,68.0
2024-05-14 08:15:00+00:00,1.07849,1.07851,1.07844,1.07849,64.0
2024-05-14 08:20:00+00:00,1.07849,1.07861,1.07849,1.0786,59.0
2024-05-14 08:25:00+00:00,1.0786,1.07861,1.07855,1.07856,65.0
2024-05-14 08:30:00+00:00,1.07856,1.07861,1.07854,1.07859,59.0
2024-05-14 08:35:00+00:00,1.07859,1.0787,1.07857,1.07868,81.0
2024-05-14 08:40:00+00:00,1.07868,1.07871,1.07865,1.07867,53.0
2024-05-14 08:45:00+00:00,1.07867,1.07867,1.07853,1.07854,67.0
2024-05-14 08:50:00+00:00,1.07854,1.0787,1.07854,1.07864,58.0
2024-05-14 08:55:00+00:00,1.07864,1.07865,1.0784799999999999,1.07865,95.0
2024-05-14 09:00:00+00:00,1.07865,1.07879,1.07855,1.07857,279.0
2024-05-14 09:05:00+00:00,1.07857,1.07876,1.07857,1.07872,122.0
2024-05-14 09:10:00+00:00,1.07872,1.07879,1.0786,1.07877,198.0
2024-05-14 09:15:00+00:00,1.07877,1.07894,1.07875,1.07878,116.0
2024-05-14 09:20:00+00:00,1.07878,1.07878,1.07859,1.07869,124.0
2024-05-14 09:25:00+00:00,1.07869,1.07873,1.07839,1.07839,93.0
2024-05-14 09:30:00+00:00,1.07839,1.07864,1.0783,1.07853,162.0
2024-05-14 09:35:00+00:00,1.07853,1.07874,1.0785,1.07874,150.0
2024-05-14 09:40:00+00:00,1.07874,1.07876,1.07859,1.07861,138.0
2024-05-14 09:45:00+00:00,1.07861,1.07879,1.07859,1.07879,104.0
2024-05-14 09:50:00+00:00,1.07879,1.07881,1.07862,1.07864,110.0
2024-05-14 09:55:00+00:00,1.07864,1.07884,1.07863,1.07877,192.0
2024-05-14 10:00:00+00:00,1.07877,1.07891,1.07864,1.07871,231.0
2024-05-14 10:05:00+00:00,1.07871,1.07873,1.07857,1.07863,190.0
2024-05-14 10:10:00+00:00,1.07863,1.07879,1.07861,1.07878,154.0
2024-05-14 10:15:00+00:00,1.07878,1.0789,1.07868,1.0787,142.0
2024-05-14 10:20:00+00:00,1.0787,1.07883,1.07862,1.07871,145.0
2024-05-14 10:25:00+00:00,1.07871,1.07887,1.0787,1.07886,80.0
2024-05-14 10:30:00+00:00,1.07886,1.0789,1.0787,1.07873,108.0
2024-05-14 10:35:00+00:00,1.07873,1.07882,1.07859,1.07865,150.0
2024-05-14 10:40:00+00:00,1.07865,1.07878,1.07862,1.07874,141.0
2024-05-14 10:45:00+00:00,1.07874,1.07878,1.07863,1.07873,117.0
2024-05-14 10:50:00+00:00,1.07873,1.07884,1.0787,1.07876,143.0
2024-05-14 10:55:00+00:00,1.07876,1.0788,1.07862,1.07872,160.0
2024-05-14 11:00:00+00:00,1.07872,1.07874,1.07839,1.07841,215.0
2024-05-14 11:05:00+00:00,1.07841,1.07842,1.07818,1.07819,288.0
2024-05-14 11:10:00+00:00,1.07819,1.07828,1.07773,1.07773,228.0
2024-05-14 11:15:00+00:00,1.07773,1.0778699999999999,1.07755,1.07781,347.0
2024-05-14 11:20:00+00:00,1.07782,1.07784,1.07761,1.07768,256.0
2024-05-14 11:25:00+00:00,1.07768,1.07783,1.07754,1.07776,293.0
2024-05-14 11:30:00+00:00,1.07776,1.07785,1.07767,1.07779,144.0
2024-05-14 11:35:00+00:00,1.07779,1.07803,1.07779,1.07801,143.0
2024-05-14 11:40:00+00:00,1.07801,1.07825,1.07795,1.07817,203.0
2024-05-14 11:45:00+00:00,1.07817,1.0783800000000001,1.07814,1.07825,206.0
2024-05-14 11:50:00+00:00,1.07825,1.07851,1.07823,1.07839,140.0
2024-05-14 11:55:00+00:00,1.07839,1.07853,1.07826,1.0783800000000001,187.0
2024-05-14 12:00:00+00:00,1.0783800000000001,1.07877,1.07834,1.07869,243.0
2024-05-14 12:05:00+00:00,1.07869,1.07874,1.07853,1.07871,164.0
2024-05-14 12:10:00+00:00,1.07871,1.07893,1.07868,1.07892,174.0
2024-05-14 12:15:00+00:00,1.07892,1.07935,1.07892,1.07928,246.0
2024-05-14 12:20:00+00:00,1.07928,1.07932,1.0790899999999999,1.07917,228.0
2024-05-14 12:25:00+00:00,1.07917,1.07917,1.07894,1.07901,157.0
2024-05-14 12:30:00+00:00,1.079,1.07906,1.07887,1.07897,182.0
2024-05-14 12:35:00+00:00,1.07897,1.07897,1.07865,1.07866,177.0
2024-05-14 12:40:00+00:00,1.07866,1.07881,1.07865,1.07878,173.0
2024-05-14 12:45:00+00:00,1.07878,1.07923,1.07878,1.07913,152.0
2024-05-14 12:50:00+00:00,1.07913,1.07934,1.07913,1.07923,145.0
2024-05-14 12:55:00+00:00,1.07923,1.07936,1.07918,1.07928,167.0
2024-05-14 13:00:00+00:00,1.07928,1.07939,1.07926,1.07929,153.0
2024-05-14 13:05:00+00:00,1.07929,1.0794,1.07926,1.07938,136.0
2024-05-14 13:10:00+00:00,1.07938,1.07951,1.07937,1.07939,134.0
2024-05-14 13:15:00+00:00,1.0794,1.07947,1.07932,1.07938,158.0
2024-05-14 13:20:00+00:00,1.07938,1.07949,1.07933,1.07948,133.0
2024-05-14 13:25:00+00:00,1.07948,1.07949,1.07941,1.07948,89.0
2024-05-14 13:30:00+00:00,1.07948,1.07952,1.07929,1.07931,129.0
2024-05-14 13:35:00+00:00,1.07931,1.07956,1.07923,1.07931,268.0
2024-05-14 13:40:00+00:00,1.07931,1.07952,1.07931,1.07948,173.0
2024-05-14 13:45:00+00:00,1.07948,1.0796999999999999,1.07946,1.07966,159.0
2024-05-14 13:50:00+00:00,1.07966,1.07987,1.07964,1.07986,145.0
2024-05-14 13:55:00+00:00,1.07986,1.0799,1.07962,1.07963,174.0
2024-05-14 14:00:00+00:00,1.07963,1.0799,1.07963,1.07981,184.0
2024-05-14 14:05:00+00:00,1.07981,1.07983,1.07952,1.07967,214.0
2024-05-14 14:10:00+00:00,1.07967,1.07981,1.07963,1.07974,138.0
2024-05-14 14:15:00+00:00,1.07974,1.07987,1.0796999999999999,1.07977,156.0
2024-05-14 14:20:00+00:00,1.07979,1.07984,1.07966,1.07973,101.0
2024-05-14 14:25:00+00:00,1.07973,1.07986,1.07966,1.0796999999999999,136.0
2024-05-14 14:30:00+00:00,1.0796999999999999,1.0799,1.07969,1.07983,152.0
2024-05-14 14:35:00+00:00,1.07983,1.07987,1.0796999999999999,1.0796999999999999,67.0
2024-05-14 14:40:00+00:00,1.0796999999999999,1.07988,1.0796999999999999,1.07972,112.0
2024-05-14 14:45:00+00:00,1.07972,1.07974,1.0796000000000001,1.0796000000000001,60.0
2024-05-14 14:50:00+00:00,1.0796000000000001,1.0796000000000001,1.0794,1.07944,104.0
2024-05-14 14:55:00+00:00,1.07944,1.07956,1.07926,1.07927,187.0
2024-05-14 15:00:00+00:00,1.07927,1.07964,1.07921,1.07961,259.0
2024-05-14 15:05:00+00:00,1.07961,1.07974,1.07955,1.07962,210.0
2024-05-14 15:10:00+00:00,1.07962,1.07982,1.07962,1.0798,159.0
2024-05-14 15:15:00+00:00,1.07981,1.07991,1.07978,1.07987,151.0
2024-05-14 15:20:00+00:00,1.07987,1.07992,1.0798,1.07989,163.0
2024-05-14 15:25:00+00:00,1.07989,1.0799,1.07954,1.07961,231.0
2024-05-14 15:30:00+00:00,1.07958,1.07958,1.07669,1.07877,1651.0
2024-05-14 15:35:00+00:00,1.07878,1.08009,1.07844,1.07994,1202.0
2024-05-14 15:40:00+00:00,1.07993,1.08089,1.07989,1.08052,965.0
2024-05-14 15:45:00+00:00,1.08053,1.08079,1.08,1.08039,939.0
2024-05-14 15:50:00+00:00,1.08039,1.0808,1.08017,1.08071,672.0
2024-05-14 15:55:00+00:00,1.08071,1.08106,1.0803,1.08032,620.0
2024-05-14 16:00:00+00:00,1.08032,1.08047,1.08008,1.08023,748.0
2024-05-14 16:05:00+00:00,1.08023,1.08157,1.08023,1.08142,665.0
2024-05-14 16:10:00+00:00,1.08142,1.08219,1.08132,1.08198,716.0
2024-05-14 16:15:00+00:00,1.08199,1.08226,1.08189,1.08214,658.0
2024-05-14 16:20:00+00:00,1.08213,1.08227,1.08164,1.08178,642.0
2024-05-14 16:25:00+00:00,1.08177,1.08185,1.08121,1.08156,503.0
2024-05-14 16:30:00+00:00,1.08156,1.0818,1.08118,1.08142,636.0
2024-05-14 16:35:00+00:00,1.08142,1.08182,1.08127,1.08173,522.0
2024-05-14 16:40:00+00:00,1.08173,1.08178,1.08133,1.08135,388.0
2024-05-14 16:45:00+00:00,1.08135,1.08153,1.08123,1.08128,316.0
2024-05-14 16:50:00+00:00,1.08128,1.08168,1.08124,1.08165,334.0
2024-05-14 16:55:00+00:00,1.08165,1.08192,1.08164,1.0819,378.0
2024-05-14 17:00:00+00:00,1.0819,1.08197,1.08156,1.08171,299.0
2024-05-14 17:05:00+00:00,1.08171,1.08203,1.08159,1.08202,381.0
2024-05-14 17:10:00+00:00,1.08202,1.08236,1.08169,1.08179,427.0
2024-05-14 17:15:00+00:00,1.08179,1.08185,1.0812,1.08125,443.0
2024-05-14 17:20:00+00:00,1.08125,1.08142,1.08101,1.08131,480.0
2024-05-14 17:25:00+00:00,1.08131,1.08133,1.08111,1.08116,338.0
2024-05-14 17:30:00+00:00,1.08115,1.08162,1.081,1.08162,290.0
2024-05-14 17:35:00+00:00,1.08162,1.08189,1.08158,1.0818,417.0
2024-05-14 17:40:00+00:00,1.0818,1.08183,1.0814,1.08171,373.0
2024-05-14 17:45:00+00:00,1.08171,1.08213,1.08156,1.0821,326.0
2024-05-14 17:50:00+00:00,1.0821,1.08257,1.082,1.08244,430.0
2024-05-14 17:55:00+00:00,1.08244,1.08257,1.08235,1.0824799999999999,291.0
2024-05-14 18:00:00+00:00,1.0824799999999999,1.0824799999999999,1.0822,1.08226,346.0
2024-05-14 18:05:00+00:00,1.08226,1.0825,1.08224,1.08231,223.0
2024-05-14 18:10:00+00:00,1.08231,1.08241,1.08214,1.08237,293.0
2024-05-14 18:15:00+00:00,1.08238,1.08245,1.082,1.08201,232.0
2024-05-14 18:20:00+00:00,1.082,1.0821,1.08181,1.08184,339.0
2024-05-14 18:25:00+00:00,1.08184,1.08189,1.08163,1.08181,254.0
2024-05-14 18:30:00+00:00,1.08181,1.08191,1.08167,1.08177,237.0
2024-05-14 18:35:00+00:00,1.08177,1.0818,1.08152,1.08167,317.0
2024-05-14 18:40:00+00:00,1.08167,1.08193,1.08166,1.08178,191.0
2024-05-14 18:45:00+00:00,1.08178,1.0822,1.08172,1.08219,233.0
2024-05-14 18:50:00+00:00,1.08218,1.08232,1.08206,1.08214,221.0
2024-05-14 18:55:00+00:00,1.08214,1.08221,1.08168,1.08184,331.0
2024-05-14 19:00:00+00:00,1.08184,1.08184,1.08152,1.08156,187.0
2024-05-14 19:05:00+00:00,1.08156,1.0817,1.08151,1.08163,201.0
2024-05-14 19:10:00+00:00,1.08163,1.08173,1.08159,1.08173,119.0
2024-05-14 19:15:00+00:00,1.08173,1.08176,1.08152,1.08162,156.0
2024-05-14 19:20:00+00:00,1.08162,1.08162,1.08141,1.08141,161.0
2024-05-14 19:25:00+00:00,1.08141,1.0816,1.08139,1.08157,147.0
2024-05-14 19:30:00+00:00,1.08157,1.08188,1.08151,1.0818699999999999,165.0
2024-05-14 19:35:00+00:00,1.0818699999999999,1.08202,1.08178,1.0818,243.0
2024-05-14 19:40:00+00:00,1.0818,1.08191,1.08173,1.08177,148.0
2024-05-14 19:45:00+00:00,1.08177,1.08196,1.08175,1.0818,179.0
2024-05-14 19:50:00+00:00,1.0818,1.08184,1.08164,1.08165,183.0
2024-05-14 19:55:00+00:00,1.08165,1.08172,1.08159,1.08168,154.0
2024-05-14 20:00:00+00:00,1.08168,1.08179,1.08156,1.08163,184.0
2024-05-14 20:05:00+00:00,1.08164,1.0818699999999999,1.08164,1.08179,142.0
2024-05-14 20:10:00+00:00,1.08179,1.08197,1.08176,1.0818699999999999,127.0
2024-05-14 20:15:00+00:00,1.0818699999999999,1.08194,1.08177,1.08191,122.0
2024-05-14 20:20:00+00:00,1.08191,1.08192,1.08174,1.08175,108.0
2024-05-14 20:25:00+00:00,1.08175,1.08191,1.08167,1.0819,118.0
2024-05-14 20:30:00+00:00,1.0819,1.08201,1.08189,1.08195,111.0
2024-05-14 20:35:00+00:00,1.08195,1.08195,1.08173,1.08175,112.0
2024-05-14 20:40:00+00:00,1.08175,1.08198,1.08174,1.08197,83.0
2024-05-14 20:45:00+00:00,1.08197,1.082,1.08192,1.08192,89.0
2024-05-14 20:50:00+00:00,1.08192,1.08195,1.08184,1.0818699999999999,79.0
2024-05-14 20:55:00+00:00,1.08186,1.08198,1.08184,1.08193,90.0
2024-05-14 21:00:00+00:00,1.08193,1.08201,1.08189,1.082,73.0
2024-05-14 21:05:00+00:00,1.082,1.08202,1.08194,1.082,73.0
2024-05-14 21:10:00+00:00,1.082,1.08223,1.08196,1.08219,123.0
2024-05-14 21:15:00+00:00,1.08219,1.08231,1.08209,1.08209,143.0
2024-05-14 21:20:00+00:00,1.08209,1.08224,1.08208,1.08215,121.0
2024-05-14 21:25:00+00:00,1.08215,1.08226,1.08208,1.08209,84.0
2024-05-14 21:30:00+00:00,1.08209,1.08211,1.08203,1.0820400000000001,54.0
2024-05-14 21:35:00+00:00,1.0820400000000001,1.08222,1.0820400000000001,1.0821,99.0
2024-05-14 21:40:00+00:00,1.0821,1.08212,1.08202,1.08208,109.0
2024-05-14 21:45:00+00:00,1.08208,1.08208,1.08194,1.08199,114.0
2024-05-14 21:50:00+00:00,1.08199,1.08206,1.08196,1.082,110.0
2024-05-14 21:55:00+00:00,1.082,1.08205,1.08195,1.08199,136.0
2024-05-14 22:00:00+00:00,1.08199,1.08201,1.08192,1.08195,122.0
2024-05-14 22:05:00+00:00,1.08194,1.08207,1.08194,1.08207,96.0
2024-05-14 22:10:00+00:00,1.08207,1.08215,1.08197,1.08207,110.0
2024-05-14 22:15:00+00:00,1.08207,1.08213,1.08203,1.08211,79.0
2024-05-14 22:20:00+00:00,1.08211,1.08214,1.08207,1.08211,69.0
2024-05-14 22:25:00+00:00,1.08211,1.08215,1.08201,1.08214,87.0
2024-05-14 22:30:00+00:00,1.08214,1.08214,1.08205,1.08207,41.0
2024-05-14 22:35:00+00:00,1.08207,1.08213,1.08205,1.08209,64.0
2024-05-14 22:40:00+00:00,1.08209,1.08215,1.08208,1.0821,67.0
2024-05-14 22:45:00+00:00,1.0821,1.08216,1.0820400000000001,1.08211,93.0
2024-05-14 22:50:00+00:00,1.08211,1.08216,1.0821,1.08215,95.0
2024-05-14 22:55:00+00:00,1.08215,1.08216,1.08199,1.08201,83.0
2024-05-14 23:00:00+00:00,1.08201,1.0821,1.08188,1.08189,76.0
2024-05-14 23:05:00+00:00,1.08189,1.08192,1.08179,1.0818,70.0
2024-05-14 23:10:00+00:00,1.0818,1.08182,1.08178,1.08179,42.0
2024-05-14 23:15:00+00:00,1.08179,1.0819,1.08179,1.08188,39.0
2024-05-14 23:20:00+00:00,1.08188,1.0819,1.08182,1.08183,53.0
2024-05-14 23:25:00+00:00,1.08183,1.08184,1.08177,1.08184,50.0
2024-05-14 23:30:00+00:00,1.08184,1.08197,1.08183,1.08196,53.0
2024-05-14 23:35:00+00:00,1.08196,1.08198,1.08182,1.08189,43.0
2024-05-14 23:40:00+00:00,1.08189,1.082,1.08189,1.0819,60.0
2024-05-14 23:45:00+00:00,1.0819,1.08196,1.08189,1.08194,23.0
2024-05-14 23:50:00+00:00,1.08194,1.08196,1.08192,1.08192,28.0
2024-05-14 23:55:00+00:00,1.08193,1.08199,1.08192,1.08196,49.0
2024-05-15 00:00:00+00:00,1.08176,1.08176,1.08154,1.08165,5.0
2024-05-15 00:05:00+00:00,1.08181,1.08182,1.08167,1.08171,84.0
2024-05-15 00:10:00+00:00,1.08173,1.08196,1.0815,1.08155,73.0
2024-05-15 00:15:00+00:00,1.08168,1.0819,1.08163,1.08169,128.0
2024-05-15 00:20:00+00:00,1.08172,1.08181,1.08169,1.08178,146.0
2024-05-15 00:25:00+00:00,1.08178,1.0818,1.08166,1.08168,59.0
2024-05-15 00:30:00+00:00,1.08168,1.08173,1.08166,1.08171,93.0
2024-05-15 00:35:00+00:00,1.08171,1.08176,1.08171,1.08173,57.0
2024-05-15 00:40:00+00:00,1.08173,1.08176,1.0817,1.08171,107.0
2024-05-15 00:45:00+00:00,1.08171,1.08175,1.08161,1.08161,70.0
2024-05-15 00:50:00+00:00,1.08161,1.08173,1.08161,1.08165,45.0
2024-05-15 00:55:00+00:00,1.08165,1.08179,1.08162,1.08171,61.0
2024-05-15 01:00:00+00:00,1.08171,1.08178,1.08164,1.08167,50.0
2024-05-15 01:05:00+00:00,1.08166,1.08173,1.08165,1.08166,57.0
2024-05-15 01:10:00+00:00,1.08166,1.0817,1.0816,1.0816,33.0
2024-05-15 01:15:00+00:00,1.0816,1.0817,1.0816,1.0817,35.0
2024-05-15 01:20:00+00:00,1.0817,1.0817,1.08165,1.08166,27.0
2024-05-15 01:25:00+00:00,1.08166,1.0817,1.08165,1.08169,35.0
2024-05-15 01:30:00+00:00,1.08169,1.08172,1.08166,1.08168,37.0
2024-05-15 01:35:00+00:00,1.08168,1.08173,1.08167,1.08169,42.0
2024-05-15 01:40:00+00:00,1.08169,1.08169,1.08168,1.08168,14.0
2024-05-15 01:45:00+00:00,1.08168,1.08169,1.08166,1.08168,18.0
2024-05-15 01:50:00+00:00,1.08168,1.08169,1.08168,1.08169,8.0
2024-05-15 01:55:00+00:00,1.08169,1.08169,1.08166,1.08167,21.0
2024-05-15 02:00:00+00:00,1.08167,1.08168,1.08158,1.08158,26.0
2024-05-15 02:05:00+00:00,1.08158,1.08158,1.08152,1.08154,17.0
2024-05-15 02:10:00+00:00,1.08154,1.08158,1.08151,1.08151,48.0
2024-05-15 02:15:00+00:00,1.08151,1.08159,1.0815,1.08153,39.0
2024-05-15 02:20:00+00:00,1.08153,1.08154,1.08151,1.08153,10.0
2024-05-15 02:25:00+00:00,1.08153,1.08154,1.08152,1.08154,15.0
2024-05-15 02:30:00+00:00,1.08154,1.08155,1.08144,1.08149,47.0
2024-05-15 02:35:00+00:00,1.08149,1.0815,1.0814300000000001,1.08144,31.0
2024-05-15 02:40:00+00:00,1.08144,1.08153,1.08142,1.08149,59.0
2024-05-15 02:45:00+00:00,1.08149,1.08149,1.08141,1.0814300000000001,47.0
2024-05-15 02:50:00+00:00,1.0814300000000001,1.08154,1.08138,1.08153,55.0
2024-05-15 02:55:00+00:00,1.08153,1.08157,1.08138,1.0814,81.0
2024-05-15 03:00:00+00:00,1.0814,1.08157,1.08132,1.08156,151.0
2024-05-15 03:05:00+00:00,1.08156,1.08167,1.08155,1.08159,107.0
2024-05-15 03:10:00+00:00,1.08159,1.08164,1.08156,1.08161,102.0
2024-05-15 03:15:00+00:00,1.08161,1.08173,1.08161,1.08171,146.0
2024-05-15 03:20:00+00:00,1.08171,1.08175,1.08164,1.08164,85.0
2024-05-15 03:25:00+00:00,1.08164,1.08173,1.08163,1.08164,55.0
2024-05-15 03:30:00+00:00,1.08164,1.08172,1.08163,1.0817,89.0
2024-05-15 03:35:00+00:00,1.0817,1.08171,1.08152,1.08154,85.0
2024-05-15 03:40:00+00:00,1.08154,1.08161,1.08152,1.08159,71.0
2024-05-15 03:45:00+00:00,1.08159,1.08167,1.08157,1.08163,87.0
2024-05-15 03:50:00+00:00,1.08163,1.08179,1.0815,1.08178,194.0
2024-05-15 03:55:00+00:00,1.08178,1.08178,1.08167,1.08171,111.0
2024-05-15 04:00:00+00:00,1.08171,1.08176,1.08165,1.0817,115.0
2024-05-15 04:05:00+00:00,1.08169,1.08174,1.08169,1.08173,67.0
2024-05-15 04:10:00+00:00,1.08173,1.08175,1.08165,1.08169,77.0
2024-05-15 04:15:00+00:00,1.08169,1.08181,1.08168,1.08172,120.0
2024-05-15 04:20:00+00:00,1.08172,1.08178,1.08169,1.08177,146.0
2024-05-15 04:25:00+00:00,1.08177,1.08196,1.08177,1.08196,84.0
2024-05-15 04:30:00+00:00,1.08196,1.08202,1.08182,1.08193,168.0
2024-05-15 04:35:00+00:00,1.08193,1.08207,1.08192,1.08206,114.0
2024-05-15 04:40:00+00:00,1.08206,1.08221,1.0820400000000001,1.08206,86.0
2024-05-15 04:45:00+00:00,1.08207,1.08212,1.08205,1.08208,65.0
2024-05-15 04:50:00+00:00,1.08208,1.08217,1.08205,1.08211,155.0
2024-05-15 04:55:00+00:00,1.08212,1.08227,1.08211,1.08226,43.0
2024-05-15 05:00:00+00:00,1.08226,1.08231,1.08218,1.08231,85.0
2024-05-15 05:05:00+00:00,1.08231,1.08232,1.08224,1.08231,120.0
2024-05-15 05:10:00+00:00,1.08231,1.08231,1.08208,1.0821,75.0
2024-05-15 05:15:00+00:00,1.0821,1.08212,1.082,1.08206,63.0
2024-05-15 05:20:00+00:00,1.08206,1.08207,1.08201,1.08206,79.0
2024-05-15 05:25:00+00:00,1.08206,1.08224,1.08201,1.08224,74.0
2024-05-15 05:30:00+00:00,1.08224,1.08231,1.08218,1.08228,76.0
2024-05-15 05:35:00+00:00,1.08228,1.08238,1.08224,1.08236,52.0
2024-05-15 05:40:00+00:00,1.08236,1.08267,1.08234,1.08251,150.0
2024-05-15 05:45:00+00:00,1.08251,1.08254,1.08233,1.08236,70.0
2024-05-15 05:50:00+00:00,1.08236,1.08246,1.08233,1.08244,63.0
2024-05-15 05:55:00+00:00,1.08244,1.08261,1.08244,1.08253,80.0
2024-05-15 06:00:00+00:00,1.08253,1.08261,1.08251,1.08254,74.0
2024-05-15 06:05:00+00:00,1.08254,1.08267,1.08252,1.08264,55.0
2024-05-15 06:10:00+00:00,1.08264,1.08269,1.08262,1.08264,81.0
2024-05-15 06:15:00+00:00,1.08264,1.08267,1.0826,1.0826500000000001,36.0
2024-05-15 06:20:00+00:00,1.0826500000000001,1.08266,1.08259,1.08263,59.0
2024-05-15 06:25:00+00:00,1.08263,1.08269,1.08261,1.08266,69.0
2024-05-15 06:30:00+00:00,1.08266,1.08278,1.0826500000000001,1.08272,111.0
2024-05-15 06:35:00+00:00,1.08272,1.08272,1.08259,1.08262,56.0
2024-05-15 06:40:00+00:00,1.08262,1.08267,1.08261,1.0826500000000001,85.0
2024-05-15 06:45:00+00:00,1.0826500000000001,1.0826500000000001,1.0826,1.08261,75.0
2024-05-15 06:50:00+00:00,1.08261,1.08267,1.0826,1.08266,39.0
2024-05-15 06:55:00+00:00,1.08266,1.08272,1.08262,1.08262,59.0
2024-05-15 07:00:00+00:00,1.08262,1.08262,1.0825,1.0825,64.0
2024-05-15 07:05:00+00:00,1.0825,1.08252,1.08242,1.08251,66.0
2024-05-15 07:10:00+00:00,1.08251,1.08253,1.08245,1.08245,51.0
2024-05-15 07:15:00+00:00,1.08245,1.0824799999999999,1.08243,1.08244,66.0
2024-05-15 07:20:00+00:00,1.08244,1.08244,1.08239,1.08241,57.0
2024-05-15 07:25:00+00:00,1.08241,1.08242,1.08229,1.08233,75.0
2024-05-15 07:30:00+00:00,1.08233,1.08234,1.08224,1.08227,76.0
2024-05-15 07:35:00+00:00,1.08227,1.08227,1.08214,1.08216,66.0
2024-05-15 07:40:00+00:00,1.08216,1.08223,1.08215,1.08222,47.0
2024-05-15 07:45:00+00:00,1.08222,1.08223,1.08217,1.08218,39.0
2024-05-15 07:50:00+00:00,1.08218,1.08218,1.08207,1.0821,46.0
2024-05-15 07:55:00+00:00,1.0821,1.08216,1.08209,1.08215,41.0
2024-05-15 08:00:00+00:00,1.08215,1.08223,1.08212,1.0822,67.0
2024-05-15 08:05:00+00:00,1.0822,1.08227,1.0822,1.08227,43.0
2024-05-15 08:10:00+00:00,1.08227,1.08249,1.08225,1.08242,82.0
2024-05-15 08:15:00+00:00,1.08242,1.08242,1.08232,1.08236,48.0
2024-05-15 08:20:00+00:00,1.08236,1.08247,1.08233,1.08238,69.0
2024-05-15 08:25:00+00:00,1.08238,1.08239,1.08224,1.08227,45.0
2024-05-15 08:30:00+00:00,1.08227,1.08238,1.08225,1.08225,66.0
2024-05-15 08:35:00+00:00,1.08225,1.08243,1.08224,1.08233,81.0
2024-05-15 08:40:00+00:00,1.08233,1.08238,1.0823,1.08234,71.0
2024-05-15 08:45:00+00:00,1.08233,1.08243,1.08232,1.08241,56.0
2024-05-15 08:50:00+00:00,1.08241,1.08256,1.08237,1.08253,61.0
2024-05-15 08:55:00+00:00,1.08253,1.08281,1.08253,1.08271,157.0
2024-05-15 09:00:00+00:00,1.08271,1.08282,1.08266,1.08282,157.0
2024-05-15 09:05:00+00:00,1.08282,1.08289,1.08257,1.08266,167.0
2024-05-15 09:10:00+00:00,1.08266,1.08273,1.08256,1.0826,126.0
2024-05-15 09:15:00+00:00,1.08259,1.08259,1.08227,1.08243,166.0
2024-05-15 09:20:00+00:00,1.08243,1.08249,1.08233,1.08236,104.0
2024-05-15 09:25:00+00:00,1.08236,1.08246,1.0823,1.08243,97.0
2024-05-15 09:30:00+00:00,1.08243,1.08257,1.0824,1.08252,115.0
2024-05-15 09:35:00+00:00,1.08252,1.08255,1.08242,1.08254,118.0
2024-05-15 09:40:00+00:00,1.08254,1.08258,1.08234,1.08246,134.0
2024-05-15 09:45:00+00:00,1.08246,1.08282,1.08243,1.08273,195.0
2024-05-15 09:50:00+00:00,1.08273,1.08302,1.08264,1.08286,174.0
2024-05-15 09:55:00+00:00,1.08286,1.08308,1.08272,1.08305,273.0
2024-05-15 10:00:00+00:00,1.08305,1.08325,1.08295,1.08313,344.0
2024-05-15 10:05:00+00:00,1.08312,1.08323,1.08286,1.08287,263.0
2024-05-15 10:10:00+00:00,1.08287,1.08307,1.08273,1.08306,281.0
2024-05-15 10:15:00+00:00,1.08306,1.08325,1.083,1.08302,196.0
2024-05-15 10:20:00+00:00,1.08302,1.08304,1.08279,1.08286,213.0
2024-05-15 10:25:00+00:00,1.08285,1.08312,1.08283,1.08303,220.0
2024-05-15 10:30:00+00:00,1.08303,1.08313,1.08293,1.08311,235.0
2024-05-15 10:35:00+00:00,1.08311,1.08319,1.08286,1.08291,261.0
2024-05-15 10:40:00+00:00,1.08291,1.08323,1.0829,1.08311,181.0
2024-05-15 10:45:00+00:00,1.08311,1.08313,1.08281,1.08285,221.0
2024-05-15 10:50:00+00:00,1.08285,1.08286,1.08263,1.0827,211.0
2024-05-15 10:55:00+00:00,1.0827,1.08278,1.08254,1.08261,211.0
2024-05-15 11:00:00+00:00,1.08261,1.08272,1.08247,1.08254,199.0
2024-05-15 11:05:00+00:00,1.08254,1.08277,1.08254,1.08275,127.0
2024-05-15 11:10:00+00:00,1.08275,1.08297,1.08262,1.08297,164.0
2024-05-15 11:15:00+00:00,1.08297,1.08314,1.08286,1.08303,208.0
2024-05-15 11:20:00+00:00,1.08303,1.0832,1.08296,1.0832,192.0
2024-05-15 11:25:00+00:00,1.0832,1.08347,1.08319,1.08345,209.0
2024-05-15 11:30:00+00:00,1.08345,1.08346,1.08307,1.08334,197.0
2024-05-15 11:35:00+00:00,1.08333,1.08337,1.08285,1.08294,220.0
2024-05-15 11:40:00+00:00,1.08294,1.08332,1.08288,1.08294,275.0
2024-05-15 11:45:00+00:00,1.08294,1.08298,1.08279,1.08294,215.0
2024-05-15 11:50:00+00:00,1.08294,1.08316,1.08289,1.08315,193.0
2024-05-15 11:55:00+00:00,1.08315,1.08316,1.08285,1.08299,155.0
2024-05-15 12:00:00+00:00,1.08299,1.0830899999999999,1.08284,1.08304,270.0
2024-05-15 12:05:00+00:00,1.08304,1.08304,1.08281,1.08297,211.0
2024-05-15 12:10:00+00:00,1.08297,1.08321,1.08295,1.08302,172.0
2024-05-15 12:15:00+00:00,1.08302,1.08312,1.08272,1.08278,208.0
2024-05-15 12:20:00+00:00,1.08278,1.08279,1.08253,1.08261,206.0
2024-05-15 12:25:00+00:00,1.08261,1.08275,1.08253,1.0827,206.0
2024-05-15 12:30:00+00:00,1.0827,1.08292,1.08253,1.08258,179.0
2024-05-15 12:35:00+00:00,1.08258,1.08268,1.08252,1.08253,98.0
2024-05-15 12:40:00+00:00,1.08253,1.0826500000000001,1.0824799999999999,1.08258,144.0
2024-05-15 12:45:00+00:00,1.08258,1.08291,1.08256,1.08287,208.0
2024-05-15 12:50:00+00:00,1.08287,1.08288,1.08268,1.08279,132.0
2024-05-15 12:55:00+00:00,1.08279,1.08288,1.08269,1.08282,187.0
2024-05-15 13:00:00+00:00,1.08282,1.08291,1.08271,1.08284,137.0
2024-05-15 13:05:00+00:00,1.08284,1.08284,1.08271,1.08276,108.0
2024-05-15 13:10:00+00:00,1.08276,1.08288,1.08276,1.08286,116.0
2024-05-15 13:15:00+00:00,1.08286,1.08298,1.08286,1.08293,107.0
2024-05-15 13:20:00+00:00,1.08293,1.08301,1.08269,1.0827,166.0
2024-05-15 13:25:00+00:00,1.0827,1.08277,1.08266,1.08277,128.0
2024-05-15 13:30:00+00:00,1.08277,1.0828,1.08267,1.08269,75.0
2024-05-15 13:35:00+00:00,1.08269,1.08277,1.08264,1.08269,81.0
2024-05-15 13:40:00+00:00,1.08269,1.08273,1.08244,1.08244,82.0
2024-05-15 13:45:00+00:00,1.08244,1.08252,1.08243,1.08245,96.0
2024-05-15 13:50:00+00:00,1.08245,1.08268,1.08245,1.08251,180.0
2024-05-15 13:55:00+00:00,1.0825,1.08261,1.08235,1.08247,191.0
2024-05-15 14:00:00+00:00,1.08247,1.08258,1.08242,1.0824799999999999,150.0
2024-05-15 14:05:00+00:00,1.0824799999999999,1.08257,1.08234,1.08249,159.0
2024-05-15 14:10:00+00:00,1.08249,1.08253,1.08231,1.08253,181.0
2024-05-15 14:15:00+00:00,1.08253,1.08272,1.08253,1.08268,186.0
2024-05-15 14:20:00+00:00,1.08268,1.08269,1.08233,1.08233,125.0
2024-05-15 14:25:00+00:00,1.08233,1.0826,1.08228,1.08251,230.0
2024-05-15 14:30:00+00:00,1.08251,1.08285,1.0825,1.08273,164.0
2024-05-15 14:35:00+00:00,1.08273,1.08275,1.08227,1.0823,168.0
2024-05-15 14:40:00+00:00,1.0823,1.08253,1.08219,1.08252,173.0
2024-05-15 14:45:00+00:00,1.08252,1.08264,1.08234,1.0824,157.0
2024-05-15 14:50:00+00:00,1.0824,1.08252,1.08231,1.08246,138.0
2024-05-15 14:55:00+00:00,1.08246,1.08295,1.08246,1.08294,320.0
2024-05-15 15:00:00+00:00,1.08294,1.0834,1.08282,1.08336,364.0
2024-05-15 15:05:00+00:00,1.08336,1.0836,1.08319,1.08323,304.0
2024-05-15 15:10:00+00:00,1.08323,1.0834,1.08303,1.08305,254.0
2024-05-15 15:15:00+00:00,1.08305,1.08351,1.08305,1.08339,288.0
2024-05-15 15:20:00+00:00,1.08339,1.08359,1.08313,1.08316,442.0
2024-05-15 15:25:00+00:00,1.08317,1.0832,1.08292,1.08297,455.0
2024-05-15 15:30:00+00:00,1.08286,1.08695,1.08286,1.08569,1560.0
2024-05-15 15:35:00+00:00,1.08571,1.08583,1.0849,1.08552,1411.0
2024-05-15 15:40:00+00:00,1.08552,1.08642,1.08486,1.0864,1222.0
2024-05-15 15:45:00+00:00,1.08639,1.08651,1.08557,1.08586,1138.0
2024-05-15 15:50:00+00:00,1.08586,1.0862,1.08549,1.08612,995.0
2024-05-15 15:55:00+00:00,1.08612,1.08652,1.08574,1.08613,900.0
2024-05-15 16:00:00+00:00,1.08613,1.08615,1.08527,1.08596,968.0
2024-05-15 16:05:00+00:00,1.08594,1.08653,1.08594,1.08596,699.0
2024-05-15 16:10:00+00:00,1.08596,1.08659,1.08596,1.0865,629.0
2024-05-15 16:15:00+00:00,1.0865,1.08651,1.08576,1.08586,704.0
2024-05-15 16:20:00+00:00,1.08587,1.08592,1.08519,1.08542,702.0
2024-05-15 16:25:00+00:00,1.08542,1.08596,1.08538,1.08556,555.0
2024-05-15 16:30:00+00:00,1.08556,1.08565,1.08519,1.08544,639.0
2024-05-15 16:35:00+00:00,1.08544,1.08556,1.08512,1.08512,602.0
2024-05-15 16:40:00+00:00,1.08512,1.08517,1.08452,1.0846,481.0
2024-05-15 16:45:00+00:00,1.0846,1.08461,1.08373,1.08391,573.0
2024-05-15 16:50:00+00:00,1.08389,1.08402,1.08318,1.08328,832.0
2024-05-15 16:55:00+00:00,1.08327,1.08364,1.08324,1.08352,643.0
2024-05-15 17:00:00+00:00,1.08352,1.08397,1.08341,1.08391,678.0
2024-05-15 17:05:00+00:00,1.0839,1.08436,1.08361,1.08419,549.0
2024-05-15 17:10:00+00:00,1.08418,1.08456,1.08416,1.08439,517.0
2024-05-15 17:15:00+00:00,1.08439,1.08454,1.08416,1.08444,385.0
2024-05-15 17:20:00+00:00,1.08444,1.08488,1.08441,1.08475,352.0
2024-05-15 17:25:00+00:00,1.08475,1.08513,1.08456,1.0848,381.0
2024-05-15 17:30:00+00:00,1.0848,1.08515,1.08476,1.08508,364.0
2024-05-15 17:35:00+00:00,1.08508,1.08537,1.08503,1.08508,357.0
2024-05-15 17:40:00+00:00,1.08508,1.08549,1.08501,1.08542,370.0
2024-05-15 17:45:00+00:00,1.08542,1.08573,1.08515,1.08573,388.0
2024-05-15 17:50:00+00:00,1.08573,1.08601,1.08561,1.08591,366.0
2024-05-15 17:55:00+00:00,1.08591,1.08591,1.08554,1.08576,390.0
2024-05-15 18:00:00+00:00,1.08576,1.08597,1.08558,1.08594,405.0
2024-05-15 18:05:00+00:00,1.08594,1.08658,1.08591,1.08636,309.0
2024-05-15 18:10:00+00:00,1.08636,1.08656,1.08629,1.08655,324.0
2024-05-15 18:15:00+00:00,1.08655,1.08667,1.08633,1.0866,217.0
2024-05-15 18:20:00+00:00,1.0866,1.08692,1.08658,1.08683,227.0
2024-05-15 18:25:00+00:00,1.08683,1.08721,1.0867,1.08717,323.0
2024-05-15 18:30:00+00:00,1.08717,1.08746,1.08708,1.08725,360.0
2024-05-15 18:35:00+00:00,1.08725,1.08725,1.08687,1.08693,312.0
2024-05-15 18:40:00+00:00,1.08693,1.08697,1.08671,1.08679,237.0
2024-05-15 18:45:00+00:00,1.08679,1.08688,1.08635,1.08635,225.0
2024-05-15 18:50:00+00:00,1.08635,1.08642,1.08609,1.0862,226.0
2024-05-15 18:55:00+00:00,1.0862,1.0862,1.08576,1.08599,366.0
2024-05-15 19:00:00+00:00,1.08599,1.08599,1.08562,1.08586,281.0
2024-05-15 19:05:00+00:00,1.08586,1.08586,1.08563,1.08567,153.0
2024-05-15 19:10:00+00:00,1.08567,1.08635,1.08567,1.08616,232.0
2024-05-15 19:15:00+00:00,1.08616,1.08619,1.08579,1.08619,169.0
2024-05-15 19:20:00+00:00,1.08619,1.08653,1.08619,1.08651,197.0
2024-05-15 19:25:00+00:00,1.08651,1.08664,1.08645,1.08661,219.0
2024-05-15 19:30:00+00:00,1.08661,1.08732,1.08657,1.08728,309.0
2024-05-15 19:35:00+00:00,1.08727,1.08737,1.0871,1.0871,228.0
2024-05-15 19:40:00+00:00,1.0871,1.08725,1.08692,1.08714,215.0
2024-05-15 19:45:00+00:00,1.08714,1.08723,1.08686,1.08691,175.0
2024-05-15 19:50:00+00:00,1.08691,1.08712,1.08688,1.08696,144.0
2024-05-15 19:55:00+00:00,1.08696,1.08729,1.08687,1.08722,207.0
2024-05-15 20:00:00+00:00,1.08722,1.08743,1.08717,1.08738,222.0
2024-05-15 20:05:00+00:00,1.08738,1.08755,1.0873599999999999,1.08748,178.0
2024-05-15 20:10:00+00:00,1.08748,1.08784,1.08747,1.08782,289.0
2024-05-15 20:15:00+00:00,1.08782,1.08788,1.08759,1.08773,218.0
2024-05-15 20:20:00+00:00,1.08773,1.08778,1.08752,1.08758,116.0
2024-05-15 20:25:00+00:00,1.08758,1.08773,1.08741,1.08767,158.0
2024-05-15 20:30:00+00:00,1.08767,1.08792,1.0876,1.08789,203.0
2024-05-15 20:35:00+00:00,1.08789,1.08797,1.08778,1.08796,165.0
2024-05-15 20:40:00+00:00,1.08796,1.08802,1.08765,1.08769,144.0
2024-05-15 20:45:00+00:00,1.0877,1.08778,1.08757,1.08777,136.0
2024-05-15 20:50:00+00:00,1.08777,1.08801,1.08773,1.08797,152.0
2024-05-15 20:55:00+00:00,1.08797,1.08804,1.08784,1.088,115.0
2024-05-15 21:00:00+00:00,1.088,1.08806,1.08798,1.08799,116.0
2024-05-15 21:05:00+00:00,1.08799,1.08803,1.08782,1.08789,106.0
2024-05-15 21:10:00+00:00,1.08789,1.08799,1.08768,1.0877,153.0
2024-05-15 21:15:00+00:00,1.0877,1.08771,1.08738,1.08741,119.0
2024-05-15 21:20:00+00:00,1.08741,1.08748,1.08728,1.08743,126.0
2024-05-15 21:25:00+00:00,1.08743,1.08765,1.08743,1.08764,125.0
2024-05-15 21:30:00+00:00,1.08764,1.08777,1.08756,1.08758,151.0
2024-05-15 21:35:00+00:00,1.08758,1.08758,1.08737,1.0874,134.0
2024-05-15 21:40:00+00:00,1.0874,1.08758,1.0873599999999999,1.08751,182.0
2024-05-15 21:45:00+00:00,1.08751,1.08752,1.0874,1.08745,130.0
2024-05-15 21:50:00+00:00,1.08745,1.08773,1.08745,1.0877,165.0
2024-05-15 21:55:00+00:00,1.0877,1.08786,1.08763,1.08785,195.0
2024-05-15 22:00:00+00:00,1.08785,1.08804,1.08777,1.08799,141.0
2024-05-15 22:05:00+00:00,1.08799,1.08807,1.08797,1.08798,138.0
2024-05-15 22:10:00+00:00,1.08798,1.08806,1.08797,1.08803,113.0
2024-05-15 22:15:00+00:00,1.08803,1.08809,1.08797,1.088,103.0
2024-05-15 22:20:00+00:00,1.088,1.08815,1.08797,1.0881,104.0
2024-05-15 22:25:00+00:00,1.0881,1.08819,1.08803,1.08805,114.0
2024-05-15 22:30:00+00:00,1.08805,1.08805,1.0879,1.08796,103.0
2024-05-15 22:35:00+00:00,1.08796,1.08799,1.08788,1.08788,99.0
2024-05-15 22:40:00+00:00,1.08788,1.08805,1.0878700000000001,1.08802,79.0
2024-05-15 22:45:00+00:00,1.08802,1.08804,1.08798,1.08802,73.0
2024-05-15 22:50:00+00:00,1.08802,1.0881,1.08797,1.08808,84.0
2024-05-15 22:55:00+00:00,1.08808,1.08829,1.08807,1.08817,154.0
2024-05-15 23:00:00+00:00,1.08817,1.08827,1.08813,1.08825,88.0
2024-05-15 23:05:00+00:00,1.08825,1.08826,1.08821,1.08823,47.0
2024-05-15 23:10:00+00:00,1.08823,1.08838,1.08819,1.08838,53.0
2024-05-15 23:15:00+00:00,1.08838,1.0886,1.08838,1.08855,68.0
2024-05-15 23:20:00+00:00,1.08855,1.08858,1.08834,1.08843,68.0
2024-05-15 23:25:00+00:00,1.08843,1.08844,1.08827,1.08828,71.0
2024-05-15 23:30:00+00:00,1.08828,1.08835,1.08825,1.08834,31.0
2024-05-15 23:35:00+00:00,1.08834,1.08835,1.08826,1.08834,52.0
2024-05-15 23:40:00+00:00,1.08834,1.08837,1.08828,1.08834,35.0
2024-05-15 23:45:00+00:00,1.08834,1.08839,1.08832,1.08838,44.0
2024-05-15 23:50:00+00:00,1.08838,1.08847,1.08833,1.08839,65.0
2024-05-15 23:55:00+00:00,1.08839,1.08843,1.08833,1.08835,51.0
2024-05-16 00:00:00+00:00,1.08832,1.08834,1.08801,1.08834,19.0
2024-05-16 00:05:00+00:00,1.08834,1.08844,1.08828,1.08828,48.0
2024-05-16 00:10:00+00:00,1.08828,1.08828,1.08729,1.08798,57.0
2024-05-16 00:15:00+00:00,1.088,1.08815,1.08786,1.08795,49.0
2024-05-16 00:20:00+00:00,1.08795,1.08807,1.08764,1.08802,62.0
2024-05-16 00:25:00+00:00,1.08802,1.08802,1.0879,1.088,13.0
2024-05-16 00:30:00+00:00,1.088,1.08821,1.08799,1.08818,145.0
2024-05-16 00:35:00+00:00,1.08819,1.08832,1.08818,1.08823,83.0
2024-05-16 00:40:00+00:00,1.08823,1.08832,1.08818,1.08832,115.0
2024-05-16 00:45:00+00:00,1.08832,1.08843,1.0883,1.08834,68.0
2024-05-16 00:50:00+00:00,1.08834,1.08846,1.08829,1.0883099999999999,71.0
2024-05-16 00:55:00+00:00,1.08832,1.08838,1.08813,1.0883099999999999,88.0
2024-05-16 01:00:00+00:00,1.08832,1.0886,1.08828,1.08854,215.0
2024-05-16 01:05:00+00:00,1.08854,1.08887,1.08854,1.08885,72.0
2024-05-16 01:10:00+00:00,1.08885,1.08894,1.08879,1.08893,58.0
2024-05-16 01:15:00+00:00,1.08893,1.08893,1.08879,1.08882,40.0
2024-05-16 01:20:00+00:00,1.08882,1.08889,1.08878,1.08887,24.0
2024-05-16 01:25:00+00:00,1.08887,1.08896,1.08883,1.08883,38.0
2024-05-16 01:30:00+00:00,1.08883,1.08889,1.08883,1.08885,38.0
2024-05-16 01:35:00+00:00,1.08885,1.08894,1.08885,1.08894,53.0
2024-05-16 01:40:00+00:00,1.08894,1.08896,1.08891,1.08895,44.0
2024-05-16 01:45:00+00:00,1.08895,1.08898,1.08893,1.08896,38.0
2024-05-16 01:50:00+00:00,1.08896,1.08897,1.08891,1.08897,35.0
2024-05-16 01:55:00+00:00,1.08897,1.08897,1.08889,1.08889,30.0
2024-05-16 02:00:00+00:00,1.0889,1.08897,1.08875,1.08883,63.0
2024-05-16 02:05:00+00:00,1.08883,1.08883,1.08876,1.08881,55.0
2024-05-16 02:10:00+00:00,1.08882,1.0889199999999999,1.08881,1.08886,39.0
2024-05-16 02:15:00+00:00,1.08886,1.08897,1.08886,1.08895,37.0
2024-05-16 02:20:00+00:00,1.08895,1.08898,1.08888,1.08896,63.0
2024-05-16 02:25:00+00:00,1.08896,1.089,1.08893,1.08893,55.0
2024-05-16 02:30:00+00:00,1.08894,1.089,1.08886,1.08896,91.0
2024-05-16 02:35:00+00:00,1.08896,1.08901,1.08881,1.0889199999999999,106.0
2024-05-16 02:40:00+00:00,1.0889199999999999,1.0889199999999999,1.08885,1.08888,38.0
2024-05-16 02:45:00+00:00,1.08888,1.08902,1.08885,1.08898,94.0
2024-05-16 02:50:00+00:00,1.08899,1.08902,1.08888,1.08895,105.0
2024-05-16 02:55:00+00:00,1.08895,1.08899,1.08884,1.08884,118.0
2024-05-16 03:00:00+00:00,1.08884,1.08888,1.08866,1.08875,227.0
2024-05-16 03:05:00+00:00,1.08875,1.08888,1.08871,1.08874,147.0
2024-05-16 03:10:00+00:00,1.08874,1.08891,1.08873,1.08886,138.0
2024-05-16 03:15:00+00:00,1.08886,1.08894,1.08871,1.0889199999999999,177.0
2024-05-16 03:20:00+00:00,1.0889199999999999,1.089,1.0889199999999999,1.08898,126.0
2024-05-16 03:25:00+00:00,1.08898,1.08902,1.08895,1.08898,137.0
2024-05-16 03:30:00+00:00,1.08898,1.08923,1.08893,1.08923,152.0
2024-05-16 03:35:00+00:00,1.08923,1.08925,1.08914,1.08918,136.0
2024-05-16 03:40:00+00:00,1.08918,1.08923,1.08902,1.08914,162.0
2024-05-16 03:45:00+00:00,1.08914,1.08927,1.0891,1.08921,124.0
2024-05-16 03:50:00+00:00,1.08921,1.08928,1.08918,1.08926,154.0
2024-05-16 03:55:00+00:00,1.08925,1.08951,1.08923,1.08937,201.0
2024-05-16 04:00:00+00:00,1.08937,1.08938,1.0891,1.08915,189.0
2024-05-16 04:05:00+00:00,1.08915,1.08916,1.08869,1.0887,207.0
2024-05-16 04:10:00+00:00,1.0887,1.08897,1.0886,1.08897,132.0
2024-05-16 04:15:00+00:00,1.08897,1.08938,1.08895,1.08933,156.0
2024-05-16 04:20:00+00:00,1.08933,1.08934,1.08913,1.08916,142.0
2024-05-16 04:25:00+00:00,1.08916,1.08925,1.08901,1.08907,108.0
2024-05-16 04:30:00+00:00,1.08907,1.08932,1.08887,1.08926,224.0
2024-05-16 04:35:00+00:00,1.08926,1.08939,1.08891,1.08896,190.0
2024-05-16 04:40:00+00:00,1.08896,1.08903,1.08885,1.08886,130.0
2024-05-16 04:45:00+00:00,1.08886,1.08893,1.0884800000000001,1.08857,195.0
2024-05-16 04:50:00+00:00,1.08857,1.08865,1.08844,1.08844,191.0
2024-05-16 04:55:00+00:00,1.08844,1.08872,1.08844,1.08867,216.0
2024-05-16 05:00:00+00:00,1.08867,1.08867,1.08829,1.08833,230.0
2024-05-16 05:05:00+00:00,1.08834,1.08839,1.08823,1.08824,186.0
2024-05-16 05:10:00+00:00,1.08824,1.08833,1.0882,1.08829,194.0
2024-05-16 05:15:00+00:00,1.08829,1.08835,1.08815,1.08832,159.0
2024-05-16 05:20:00+00:00,1.08832,1.0884800000000001,1.08827,1.0884800000000001,115.0
2024-05-16 05:25:00+00:00,1.0884800000000001,1.08867,1.08847,1.0886,167.0
2024-05-16 05:30:00+00:00,1.08861,1.08867,1.08853,1.08861,146.0
2024-05-16 05:35:00+00:00,1.08861,1.08877,1.0885,1.08877,126.0
2024-05-16 05:40:00+00:00,1.08877,1.08883,1.08861,1.08861,84.0
2024-05-16 05:45:00+00:00,1.08861,1.08873,1.08855,1.08867,98.0
2024-05-16 05:50:00+00:00,1.08867,1.08874,1.08866,1.0887,135.0
2024-05-16 05:55:00+00:00,1.08871,1.08875,1.08868,1.08873,105.0
2024-05-16 06:00:00+00:00,1.08873,1.08877,1.08859,1.08867,144.0
2024-05-16 06:05:00+00:00,1.08867,1.08869,1.08859,1.08862,118.0
2024-05-16 06:10:00+00:00,1.08862,1.08872,1.08859,1.08864,136.0
2024-05-16 06:15:00+00:00,1.08864,1.0887,1.08863,1.08869,81.0
2024-05-16 06:20:00+00:00,1.08868,1.08878,1.08865,1.08872,113.0
2024-05-16 06:25:00+00:00,1.08872,1.08883,1.08871,1.08881,123.0
2024-05-16 06:30:00+00:00,1.08881,1.08893,1.08871,1.08889,100.0
2024-05-16 06:35:00+00:00,1.08889,1.08893,1.08885,1.08886,91.0
2024-05-16 06:40:00+00:00,1.08886,1.08889,1.0888,1.08882,78.0
2024-05-16 06:45:00+00:00,1.08882,1.08882,1.0886,1.08866,72.0
2024-05-16 06:50:00+00:00,1.08866,1.08873,1.08861,1.08871,71.0
2024-05-16 06:55:00+00:00,1.08871,1.08878,1.08869,1.08873,56.0
2024-05-16 07:00:00+00:00,1.08873,1.08873,1.08856,1.08858,65.0
2024-05-16 07:05:00+00:00,1.08858,1.08858,1.08849,1.08852,70.0
2024-05-16 07:10:00+00:00,1.08852,1.08858,1.08846,1.08847,51.0
2024-05-16 07:15:00+00:00,1.08847,1.08851,1.08841,1.08845,67.0
2024-05-16 07:20:00+00:00,1.08845,1.08865,1.08845,1.08856,70.0
2024-05-16 07:25:00+00:00,1.08856,1.08861,1.08854,1.0886,103.0
2024-05-16 07:30:00+00:00,1.0886,1.08863,1.08851,1.08855,42.0
2024-05-16 07:35:00+00:00,1.08855,1.08872,1.08853,1.08866,60.0
2024-05-16 07:40:00+00:00,1.08866,1.08871,1.08865,1.08867,71.0
2024-05-16 07:45:00+00:00,1.08867,1.08869,1.08855,1.08861,70.0
2024-05-16 07:50:00+00:00,1.08861,1.08865,1.08858,1.0886,53.0
2024-05-16 07:55:00+00:00,1.0886,1.08863,1.08846,1.0884800000000001,103.0
2024-05-16 08:00:00+00:00,1.0884800000000001,1.08851,1.08838,1.08847,99.0
2024-05-16 08:05:00+00:00,1.08847,1.08849,1.08825,1.08826,66.0
2024-05-16 08:10:00+00:00,1.08826,1.08832,1.08816,1.0882,58.0
2024-05-16 08:15:00+00:00,1.0882,1.08832,1.08815,1.08816,72.0
2024-05-16 08:20:00+00:00,1.08816,1.08824,1.08811,1.08821,80.0
2024-05-16 08:25:00+00:00,1.08821,1.08822,1.08813,1.08821,70.0
2024-05-16 08:30:00+00:00,1.08821,1.08842,1.0882,1.0883099999999999,120.0
2024-05-16 08:35:00+00:00,1.0883099999999999,1.08832,1.08816,1.08816,60.0
2024-05-16 08:40:00+00:00,1.08816,1.08822,1.08813,1.08819,80.0
2024-05-16 08:45:00+00:00,1.08819,1.08824,1.08813,1.0882,76.0
2024-05-16 08:50:00+00:00,1.0882,1.08823,1.08807,1.0881,97.0
2024-05-16 08:55:00+00:00,1.0881,1.08812,1.08796,1.08796,102.0
2024-05-16 09:00:00+00:00,1.08796,1.0881,1.08789,1.08796,237.0
2024-05-16 09:05:00+00:00,1.08796,1.08829,1.08785,1.08826,171.0
2024-05-16 09:10:00+00:00,1.08826,1.08826,1.0878,1.08781,179.0
2024-05-16 09:15:00+00:00,1.08781,1.08785,1.08777,1.08783,144.0
2024-05-16 09:20:00+00:00,1.08783,1.08784,1.08776,1.08778,128.0
2024-05-16 09:25:00+00:00,1.08778,1.08792,1.08777,1.08786,111.0
2024-05-16 09:30:00+00:00,1.08786,1.08794,1.08764,1.08767,209.0
2024-05-16 09:35:00+00:00,1.08766,1.08782,1.08764,1.08777,130.0
2024-05-16 09:40:00+00:00,1.08777,1.08783,1.08761,1.08771,133.0
2024-05-16 09:45:00+00:00,1.08771,1.08771,1.08763,1.08769,116.0
2024-05-16 09:50:00+00:00,1.08769,1.08769,1.08747,1.08759,165.0
2024-05-16 09:55:00+00:00,1.08759,1.08772,1.08759,1.08764,165.0
2024-05-16 10:00:00+00:00,1.08764,1.08797,1.0876,1.08763,240.0
2024-05-16 10:05:00+00:00,1.08763,1.08771,1.08754,1.08764,228.0
2024-05-16 10:10:00+00:00,1.08764,1.08773,1.08741,1.08772,274.0
2024-05-16 10:15:00+00:00,1.08772,1.08794,1.08766,1.0878700000000001,182.0
2024-05-16 10:20:00+00:00,1.0878700000000001,1.08812,1.08778,1.08807,263.0
2024-05-16 10:25:00+00:00,1.08807,1.08815,1.08795,1.08813,256.0
2024-05-16 10:30:00+00:00,1.08813,1.0882,1.0877,1.0877,261.0
2024-05-16 10:35:00+00:00,1.0877,1.08772,1.08745,1.08751,253.0
2024-05-16 10:40:00+00:00,1.08751,1.08766,1.08746,1.08751,199.0
2024-05-16 10:45:00+00:00,1.08751,1.08762,1.08738,1.08757,209.0
2024-05-16 10:50:00+00:00,1.08756,1.08772,1.08753,1.08761,226.0
2024-05-16 10:55:00+00:00,1.08761,1.08761,1.08732,1.08746,274.0
2024-05-16 11:00:00+00:00,1.08746,1.08767,1.0874,1.08747,259.0
2024-05-16 11:05:00+00:00,1.08747,1.08759,1.08734,1.08734,225.0
2024-05-16 11:10:00+00:00,1.08734,1.08737,1.08729,1.08732,176.0
2024-05-16 11:15:00+00:00,1.08732,1.08733,1.087,1.08703,323.0
2024-05-16 11:20:00+00:00,1.08703,1.08708,1.08663,1.08682,331.0
2024-05-16 11:25:00+00:00,1.08684,1.08695,1.08672,1.08686,232.0
2024-05-16 11:30:00+00:00,1.08686,1.08719,1.08686,1.08718,171.0
2024-05-16 11:35:00+00:00,1.08718,1.08721,1.08686,1.087,154.0
2024-05-16 11:40:00+00:00,1.087,1.08715,1.08692,1.08704,138.0
2024-05-16 11:45:00+00:00,1.08704,1.08722,1.08696,1.08721,180.0
2024-05-16 11:50:00+00:00,1.08721,1.08725,1.08703,1.08722,197.0
2024-05-16 11:55:00+00:00,1.08722,1.08738,1.08722,1.08733,174.0
2024-05-16 12:00:00+00:00,1.08733,1.08749,1.08728,1.08748,168.0
2024-05-16 12:05:00+00:00,1.08748,1.08749,1.08723,1.08732,138.0
2024-05-16 12:10:00+00:00,1.08732,1.08732,1.08713,1.08723,138.0
2024-05-16 12:15:00+00:00,1.08723,1.08739,1.08711,1.08723,163.0
2024-05-16 12:20:00+00:00,1.08723,1.08729,1.08707,1.08713,109.0
2024-05-16 12:25:00+00:00,1.08713,1.08713,1.08689,1.08689,163.0
2024-05-16 12:30:00+00:00,1.08689,1.08717,1.08688,1.08713,166.0
2024-05-16 12:35:00+00:00,1.08713,1.08724,1.08701,1.08712,180.0
2024-05-16 12:40:00+00:00,1.08712,1.08735,1.08709,1.08729,159.0
2024-05-16 12:45:00+00:00,1.08729,1.08742,1.08711,1.08714,162.0
2024-05-16 12:50:00+00:00,1.08715,1.08715,1.08699,1.08705,142.0
2024-05-16 12:55:00+00:00,1.08706,1.08709,1.08698,1.08701,132.0
2024-05-16 13:00:00+00:00,1.08701,1.08711,1.08693,1.08709,113.0
2024-05-16 13:05:00+00:00,1.08709,1.08734,1.08708,1.08731,133.0
2024-05-16 13:10:00+00:00,1.08731,1.08732,1.08715,1.08722,113.0
2024-05-16 13:15:00+00:00,1.08722,1.08738,1.08719,1.08719,119.0
2024-05-16 13:20:00+00:00,1.08719,1.08719,1.08698,1.08704,102.0
2024-05-16 13:25:00+00:00,1.08704,1.08711,1.08692,1.08693,114.0
2024-05-16 13:30:00+00:00,1.08693,1.08694,1.0866500000000001,1.08689,153.0
2024-05-16 13:35:00+00:00,1.08689,1.08704,1.08683,1.08703,169.0
2024-05-16 13:40:00+00:00,1.08702,1.08703,1.08692,1.08699,121.0
2024-05-16 13:45:00+00:00,1.08699,1.08721,1.08698,1.08714,197.0
2024-05-16 13:50:00+00:00,1.08714,1.08738,1.08705,1.08734,168.0
2024-05-16 13:55:00+00:00,1.08734,1.0873599999999999,1.08717,1.08724,193.0
2024-05-16 14:00:00+00:00,1.08724,1.08738,1.08718,1.0873,175.0
2024-05-16 14:05:00+00:00,1.0873,1.08749,1.08725,1.08739,158.0
2024-05-16 14:10:00+00:00,1.08739,1.08739,1.08724,1.08735,125.0
2024-05-16 14:15:00+00:00,1.08735,1.08741,1.08719,1.08728,91.0
2024-05-16 14:20:00+00:00,1.08728,1.08729,1.08679,1.08697,153.0
2024-05-16 14:25:00+00:00,1.08697,1.08699,1.08657,1.08664,194.0
2024-05-16 14:30:00+00:00,1.08664,1.08669,1.08635,1.08647,252.0
2024-05-16 14:35:00+00:00,1.08647,1.08656,1.08617,1.08632,284.0
2024-05-16 14:40:00+00:00,1.08632,1.08659,1.08629,1.08658,196.0
2024-05-16 14:45:00+00:00,1.08658,1.08673,1.08655,1.08662,169.0
2024-05-16 14:50:00+00:00,1.08662,1.0866500000000001,1.08645,1.08652,166.0
2024-05-16 14:55:00+00:00,1.08652,1.08669,1.0865,1.08667,194.0
2024-05-16 15:00:00+00:00,1.08667,1.08683,1.08657,1.08668,261.0
2024-05-16 15:05:00+00:00,1.08668,1.0867499999999999,1.08649,1.08664,222.0
2024-05-16 15:10:00+00:00,1.08664,1.08684,1.08664,1.08666,203.0
2024-05-16 15:15:00+00:00,1.08666,1.08681,1.08656,1.0868,207.0
2024-05-16 15:20:00+00:00,1.0868,1.08704,1.08679,1.08684,264.0
2024-05-16 15:25:00+00:00,1.08684,1.08698,1.08668,1.08673,248.0
2024-05-16 15:30:00+00:00,1.08673,1.08745,1.08633,1.08686,981.0
2024-05-16 15:35:00+00:00,1.08686,1.08695,1.08608,1.08608,755.0
2024-05-16 15:40:00+00:00,1.08608,1.08649,1.08607,1.08648,628.0
2024-05-16 15:45:00+00:00,1.08648,1.08667,1.08623,1.08643,500.0
2024-05-16 15:50:00+00:00,1.08643,1.0866500000000001,1.08635,1.0866,460.0
2024-05-16 15:55:00+00:00,1.08662,1.08672,1.08629,1.08633,408.0
2024-05-16 16:00:00+00:00,1.08633,1.08658,1.08623,1.08636,382.0
2024-05-16 16:05:00+00:00,1.08636,1.08639,1.086,1.08602,432.0
2024-05-16 16:10:00+00:00,1.08602,1.08627,1.08589,1.08627,358.0
2024-05-16 16:15:00+00:00,1.08627,1.08632,1.08592,1.08598,346.0
2024-05-16 16:20:00+00:00,1.08598,1.08634,1.0859,1.08625,359.0
2024-05-16 16:25:00+00:00,1.08625,1.08666,1.08621,1.08654,269.0
2024-05-16 16:30:00+00:00,1.08654,1.0867,1.08607,1.0861399999999999,436.0
2024-05-16 16:35:00+00:00,1.0861399999999999,1.0862,1.08566,1.0857,496.0
2024-05-16 16:40:00+00:00,1.08571,1.08593,1.08557,1.08564,469.0
2024-05-16 16:45:00+00:00,1.08564,1.08581,1.08552,1.08563,384.0
2024-05-16 16:50:00+00:00,1.08563,1.08579,1.08558,1.08579,366.0
2024-05-16 16:55:00+00:00,1.08579,1.0858,1.08546,1.08561,294.0
2024-05-16 17:00:00+00:00,1.08561,1.08605,1.08552,1.08591,433.0
2024-05-16 17:05:00+00:00,1.0859,1.08598,1.08544,1.08574,392.0
2024-05-16 17:10:00+00:00,1.08574,1.08608,1.08563,1.0860400000000001,312.0
2024-05-16 17:15:00+00:00,1.0860400000000001,1.08627,1.086,1.08601,302.0
2024-05-16 17:20:00+00:00,1.08602,1.08632,1.08599,1.08616,329.0
2024-05-16 17:25:00+00:00,1.08616,1.08632,1.08608,1.08631,257.0
2024-05-16 17:30:00+00:00,1.08631,1.08659,1.0862,1.08643,348.0
2024-05-16 17:35:00+00:00,1.08643,1.08646,1.08623,1.08639,271.0
2024-05-16 17:40:00+00:00,1.08639,1.08671,1.08638,1.08655,338.0
2024-05-16 17:45:00+00:00,1.08655,1.08664,1.08635,1.08664,338.0
2024-05-16 17:50:00+00:00,1.08664,1.08693,1.08663,1.08685,529.0
2024-05-16 17:55:00+00:00,1.08685,1.08704,1.08674,1.08704,474.0
2024-05-16 18:00:00+00:00,1.08704,1.08708,1.08673,1.08698,466.0
2024-05-16 18:05:00+00:00,1.08698,1.08708,1.08684,1.08704,225.0
2024-05-16 18:10:00+00:00,1.08704,1.08706,1.08682,1.08689,161.0
2024-05-16 18:15:00+00:00,1.08689,1.08699,1.08668,1.0868,205.0
2024-05-16 18:20:00+00:00,1.0868,1.08711,1.08668,1.08698,202.0
2024-05-16 18:25:00+00:00,1.08698,1.08707,1.08694,1.087,191.0
2024-05-16 18:30:00+00:00,1.087,1.0872,1.08695,1.08719,189.0
2024-05-16 18:35:00+00:00,1.08719,1.0873,1.08708,1.08708,115.0
2024-05-16 18:40:00+00:00,1.08708,1.08729,1.08707,1.08723,107.0
2024-05-16 18:45:00+00:00,1.08723,1.08729,1.08711,1.0872600000000001,104.0
2024-05-16 18:50:00+00:00,1.0872600000000001,1.08747,1.08722,1.08746,98.0
2024-05-16 18:55:00+00:00,1.08746,1.08758,1.08743,1.08752,127.0
2024-05-16 19:00:00+00:00,1.08752,1.08755,1.08707,1.08713,317.0
2024-05-16 19:05:00+00:00,1.08713,1.08724,1.087,1.08724,154.0
2024-05-16 19:10:00+00:00,1.08724,1.08751,1.08717,1.08749,120.0
2024-05-16 19:15:00+00:00,1.08749,1.08753,1.08734,1.08738,109.0
2024-05-16 19:20:00+00:00,1.08738,1.08755,1.08735,1.08754,136.0
2024-05-16 19:25:00+00:00,1.08754,1.08754,1.08727,1.0873,133.0
2024-05-16 19:30:00+00:00,1.0873,1.0873,1.08719,1.08722,181.0
2024-05-16 19:35:00+00:00,1.08722,1.08742,1.08717,1.08738,165.0
2024-05-16 19:40:00+00:00,1.08738,1.08745,1.08733,1.08738,125.0
2024-05-16 19:45:00+00:00,1.08738,1.08743,1.0872600000000001,1.08739,137.0
2024-05-16 19:50:00+00:00,1.08739,1.08739,1.0873,1.08733,83.0
2024-05-16 19:55:00+00:00,1.08733,1.08735,1.0872600000000001,1.08735,97.0
2024-05-16 20:00:00+00:00,1.08735,1.0874,1.08727,1.0874,86.0
2024-05-16 20:05:00+00:00,1.0874,1.08749,1.08728,1.08749,98.0
2024-05-16 20:10:00+00:00,1.08749,1.08753,1.08741,1.08746,75.0
2024-05-16 20:15:00+00:00,1.08746,1.08751,1.08742,1.0875,117.0
2024-05-16 20:20:00+00:00,1.0875,1.08756,1.08699,1.08701,218.0
2024-05-16 20:25:00+00:00,1.08701,1.08721,1.08696,1.08708,176.0
2024-05-16 20:30:00+00:00,1.08708,1.08715,1.0869,1.08709,126.0
2024-05-16 20:35:00+00:00,1.08709,1.08715,1.08693,1.08698,116.0
2024-05-16 20:40:00+00:00,1.08698,1.08699,1.08686,1.08697,116.0
2024-05-16 20:45:00+00:00,1.08697,1.08698,1.08686,1.08692,91.0
2024-05-16 20:50:00+00:00,1.08692,1.08697,1.08686,1.08687,67.0
2024-05-16 20:55:00+00:00,1.08687,1.08708,1.08685,1.08706,83.0
2024-05-16 21:00:00+00:00,1.08706,1.08717,1.08706,1.08709,108.0
2024-05-16 21:05:00+00:00,1.08709,1.08713,1.08691,1.08693,88.0
2024-05-16 21:10:00+00:00,1.08693,1.08693,1.08662,1.08662,106.0
2024-05-16 21:15:00+00:00,1.08662,1.08674,1.08658,1.0867,95.0
2024-05-16 21:20:00+00:00,1.0867,1.08692,1.08669,1.08691,86.0
2024-05-16 21:25:00+00:00,1.08691,1.08693,1.08674,1.08681,84.0
2024-05-16 21:30:00+00:00,1.08681,1.08694,1.08681,1.0869,93.0
2024-05-16 21:35:00+00:00,1.0869,1.0869,1.08668,1.08674,104.0
2024-05-16 21:40:00+00:00,1.08674,1.08686,1.0867,1.08683,75.0
2024-05-16 21:45:00+00:00,1.08683,1.08685,1.08673,1.08676,77.0
2024-05-16 21:50:00+00:00,1.08676,1.08692,1.08674,1.08692,78.0
2024-05-16 21:55:00+00:00,1.08692,1.0871,1.08692,1.0871,80.0
2024-05-16 22:00:00+00:00,1.0871,1.0871,1.08693,1.08694,74.0
2024-05-16 22:05:00+00:00,1.08694,1.08697,1.08691,1.08696,74.0
2024-05-16 22:10:00+00:00,1.08696,1.087,1.08693,1.08699,84.0
2024-05-16 22:15:00+00:00,1.08699,1.08699,1.08687,1.08692,43.0
2024-05-16 22:20:00+00:00,1.08692,1.08696,1.08687,1.08689,135.0
2024-05-16 22:25:00+00:00,1.08689,1.08689,1.08681,1.08682,102.0
2024-05-16 22:30:00+00:00,1.08682,1.08688,1.08677,1.0868,136.0
2024-05-16 22:35:00+00:00,1.0868,1.08689,1.08676,1.08682,97.0
2024-05-16 22:40:00+00:00,1.08682,1.08689,1.08678,1.08682,72.0
2024-05-16 22:45:00+00:00,1.08682,1.08687,1.08676,1.08676,80.0
2024-05-16 22:50:00+00:00,1.08676,1.08685,1.0867,1.08685,86.0
2024-05-16 22:55:00+00:00,1.08685,1.08685,1.08669,1.08669,57.0
2024-05-16 23:00:00+00:00,1.08669,1.08672,1.08661,1.08662,69.0
2024-05-16 23:05:00+00:00,1.08662,1.08662,1.08654,1.08654,37.0
2024-05-16 23:10:00+00:00,1.08654,1.08654,1.08647,1.0865,59.0
2024-05-16 23:15:00+00:00,1.08651,1.08653,1.08646,1.08651,49.0
2024-05-16 23:20:00+00:00,1.08651,1.08658,1.08649,1.08652,43.0
2024-05-16 23:25:00+00:00,1.08652,1.0866500000000001,1.08652,1.08663,58.0
2024-05-16 23:30:00+00:00,1.08663,1.08671,1.08663,1.0867,60.0
2024-05-16 23:35:00+00:00,1.0867,1.08671,1.08661,1.0867,37.0
2024-05-16 23:40:00+00:00,1.0867,1.08671,1.0866500000000001,1.08668,22.0
2024-05-16 23:45:00+00:00,1.08668,1.08669,1.08662,1.08662,50.0
2024-05-16 23:50:00+00:00,1.08662,1.08672,1.08661,1.08668,40.0
2024-05-16 23:55:00+00:00,1.08668,1.08671,1.0866500000000001,1.08667,43.0
2024-05-17 00:00:00+00:00,1.08628,1.08628,1.08611,1.08615,5.0
2024-05-17 00:05:00+00:00,1.08631,1.08666,1.08628,1.08628,36.0
2024-05-17 00:10:00+00:00,1.08628,1.08666,1.0862,1.08659,58.0
2024-05-17 00:15:00+00:00,1.08659,1.08672,1.0864,1.0866500000000001,164.0
2024-05-17 00:20:00+00:00,1.0866500000000001,1.08667,1.08632,1.08632,10.0
2024-05-17 00:25:00+00:00,1.0866,1.0867,1.0866,1.08666,98.0
2024-05-17 00:30:00+00:00,1.08666,1.08668,1.0863,1.08649,179.0
2024-05-17 00:35:00+00:00,1.08655,1.08664,1.08646,1.08662,208.0
2024-05-17 00:40:00+00:00,1.08662,1.08664,1.08653,1.08657,174.0
2024-05-17 00:45:00+00:00,1.08657,1.08672,1.08654,1.08666,105.0
2024-05-17 00:50:00+00:00,1.08666,1.08668,1.08663,1.08663,21.0
2024-05-17 00:55:00+00:00,1.08663,1.08668,1.08659,1.0866500000000001,25.0
2024-05-17 01:00:00+00:00,1.0866500000000001,1.08686,1.0866500000000001,1.0868,43.0
2024-05-17 01:05:00+00:00,1.0868,1.08681,1.08672,1.08672,25.0
2024-05-17 01:10:00+00:00,1.08672,1.08687,1.08672,1.08677,28.0
2024-05-17 01:15:00+00:00,1.08677,1.08681,1.08676,1.08677,31.0
2024-05-17 01:20:00+00:00,1.08677,1.08679,1.08677,1.08677,34.0
2024-05-17 01:25:00+00:00,1.08677,1.08679,1.08672,1.08679,41.0
2024-05-17 01:30:00+00:00,1.08679,1.08679,1.08674,1.08677,22.0
2024-05-17 01:35:00+00:00,1.08677,1.08677,1.0867,1.08671,19.0
2024-05-17 01:40:00+00:00,1.08671,1.08671,1.08663,1.08664,41.0
2024-05-17 01:45:00+00:00,1.08664,1.08672,1.08664,1.0867,34.0
2024-05-17 01:50:00+00:00,1.0867,1.08686,1.0867,1.08685,32.0
2024-05-17 01:55:00+00:00,1.08685,1.08691,1.08678,1.08678,33.0
2024-05-17 02:00:00+00:00,1.08678,1.08678,1.0866,1.0867499999999999,56.0
2024-05-17 02:05:00+00:00,1.0867499999999999,1.08678,1.0867,1.0867499999999999,35.0
2024-05-17 02:10:00+00:00,1.0867499999999999,1.08678,1.08669,1.08669,48.0
2024-05-17 02:15:00+00:00,1.08669,1.08676,1.08667,1.0867499999999999,49.0
2024-05-17 02:20:00+00:00,1.0867499999999999,1.08677,1.0867,1.0867,22.0
2024-05-17 02:25:00+00:00,1.0867,1.0867,1.08661,1.08661,22.0
2024-05-17 02:30:00+00:00,1.08662,1.08668,1.08661,1.08668,23.0
2024-05-17 02:35:00+00:00,1.08668,1.08671,1.0866500000000001,1.0867,40.0
2024-05-17 02:40:00+00:00,1.0867,1.08671,1.08666,1.08667,27.0
2024-05-17 02:45:00+00:00,1.08667,1.08678,1.08666,1.0867,48.0
2024-05-17 02:50:00+00:00,1.0867,1.0867499999999999,1.08668,1.08674,44.0
2024-05-17 02:55:00+00:00,1.08674,1.08679,1.08671,1.08677,35.0
2024-05-17 03:00:00+00:00,1.08677,1.08689,1.0866,1.0867,118.0
2024-05-17 03:05:00+00:00,1.0867,1.08671,1.08654,1.08658,63.0
2024-05-17 03:10:00+00:00,1.08658,1.08658,1.08644,1.08645,92.0
2024-05-17 03:15:00+00:00,1.08645,1.08646,1.08619,1.08621,126.0
2024-05-17 03:20:00+00:00,1.08621,1.08629,1.08617,1.08622,64.0
2024-05-17 03:25:00+00:00,1.08622,1.08623,1.08611,1.08613,64.0
2024-05-17 03:30:00+00:00,1.08613,1.0861399999999999,1.08599,1.08612,102.0
2024-05-17 03:35:00+00:00,1.08612,1.08622,1.08612,1.08619,74.0
2024-05-17 03:40:00+00:00,1.08619,1.08619,1.08606,1.08613,64.0
2024-05-17 03:45:00+00:00,1.08613,1.08619,1.08605,1.0861399999999999,96.0
2024-05-17 03:50:00+00:00,1.0861399999999999,1.08654,1.0861399999999999,1.0863,161.0
2024-05-17 03:55:00+00:00,1.08629,1.08637,1.0862,1.08629,95.0
2024-05-17 04:00:00+00:00,1.08629,1.08639,1.08602,1.08609,120.0
2024-05-17 04:05:00+00:00,1.08609,1.08622,1.08608,1.08621,63.0
2024-05-17 04:10:00+00:00,1.08621,1.08623,1.08603,1.08608,147.0
2024-05-17 04:15:00+00:00,1.08608,1.08615,1.08587,1.08592,122.0
2024-05-17 04:20:00+00:00,1.08592,1.08595,1.08579,1.0858,129.0
2024-05-17 04:25:00+00:00,1.08579,1.08593,1.08574,1.08592,113.0
2024-05-17 04:30:00+00:00,1.08592,1.0860400000000001,1.08589,1.08599,171.0
2024-05-17 04:35:00+00:00,1.08599,1.08607,1.08592,1.08606,94.0
2024-05-17 04:40:00+00:00,1.08606,1.08627,1.08599,1.08626,128.0
2024-05-17 04:45:00+00:00,1.08627,1.08631,1.08619,1.08619,111.0
2024-05-17 04:50:00+00:00,1.08619,1.08619,1.08611,1.08617,99.0
2024-05-17 04:55:00+00:00,1.08617,1.08617,1.08585,1.08596,113.0
2024-05-17 05:00:00+00:00,1.08596,1.08605,1.08577,1.08587,115.0
2024-05-17 05:05:00+00:00,1.08587,1.08596,1.08579,1.08586,87.0
2024-05-17 05:10:00+00:00,1.08585,1.08585,1.08566,1.0858,134.0
2024-05-17 05:15:00+00:00,1.0858,1.08582,1.08567,1.08571,86.0
2024-05-17 05:20:00+00:00,1.08571,1.08573,1.08562,1.08572,80.0
2024-05-17 05:25:00+00:00,1.08572,1.08573,1.08559,1.0856,72.0
2024-05-17 05:30:00+00:00,1.0856,1.08561,1.08545,1.08555,104.0
2024-05-17 05:35:00+00:00,1.08555,1.08558,1.08545,1.08557,107.0
2024-05-17 05:40:00+00:00,1.08557,1.08562,1.08555,1.08559,81.0
2024-05-17 05:45:00+00:00,1.08559,1.08562,1.0855,1.08559,99.0
2024-05-17 05:50:00+00:00,1.08559,1.08564,1.08558,1.08561,102.0
2024-05-17 05:55:00+00:00,1.08561,1.08578,1.08555,1.08572,107.0
2024-05-17 06:00:00+00:00,1.08572,1.08582,1.08568,1.08579,93.0
2024-05-17 06:05:00+00:00,1.08579,1.08593,1.08579,1.08587,73.0
2024-05-17 06:10:00+00:00,1.08587,1.08594,1.08586,1.08588,62.0
2024-05-17 06:15:00+00:00,1.08588,1.08596,1.08587,1.08593,56.0
2024-05-17 06:20:00+00:00,1.08593,1.08601,1.08593,1.08597,45.0
2024-05-17 06:25:00+00:00,1.08597,1.08613,1.08597,1.08613,59.0
2024-05-17 06:30:00+00:00,1.08613,1.08616,1.08594,1.08596,53.0
2024-05-17 06:35:00+00:00,1.08596,1.08599,1.08587,1.08597,83.0
2024-05-17 06:40:00+00:00,1.08597,1.08597,1.08587,1.08587,64.0
2024-05-17 06:45:00+00:00,1.08587,1.08587,1.0858,1.08582,53.0
2024-05-17 06:50:00+00:00,1.08582,1.08593,1.0858,1.08593,49.0
2024-05-17 06:55:00+00:00,1.08593,1.08595,1.08586,1.08591,68.0
2024-05-17 07:00:00+00:00,1.08592,1.08596,1.08586,1.08586,51.0
2024-05-17 07:05:00+00:00,1.08586,1.08588,1.08581,1.08586,75.0
2024-05-17 07:10:00+00:00,1.08586,1.08594,1.08586,1.08587,59.0
2024-05-17 07:15:00+00:00,1.08587,1.08587,1.08574,1.08581,65.0
2024-05-17 07:20:00+00:00,1.08581,1.08587,1.08576,1.08582,90.0
2024-05-17 07:25:00+00:00,1.08582,1.08584,1.08567,1.08569,69.0
2024-05-17 07:30:00+00:00,1.08569,1.08575,1.08567,1.0857,58.0
2024-05-17 07:35:00+00:00,1.0857,1.08572,1.08564,1.08567,64.0
2024-05-17 07:40:00+00:00,1.08567,1.08571,1.08564,1.08568,77.0
2024-05-17 07:45:00+00:00,1.08569,1.08573,1.08562,1.08563,54.0
2024-05-17 07:50:00+00:00,1.08563,1.08567,1.0856,1.08561,81.0
2024-05-17 07:55:00+00:00,1.08561,1.08564,1.08555,1.08562,90.0
2024-05-17 08:00:00+00:00,1.08562,1.08578,1.08557,1.08578,95.0
2024-05-17 08:05:00+00:00,1.08578,1.08593,1.08575,1.08592,49.0
2024-05-17 08:10:00+00:00,1.08592,1.08593,1.08582,1.08582,52.0
2024-05-17 08:15:00+00:00,1.08582,1.08589,1.08582,1.08583,66.0
2024-05-17 08:20:00+00:00,1.08584,1.08585,1.08575,1.08576,51.0
2024-05-17 08:25:00+00:00,1.08576,1.08576,1.08565,1.0857,66.0
2024-05-17 08:30:00+00:00,1.08571,1.08586,1.08568,1.08584,85.0
